myszki,klawiatury
zestaw klawiatura i mysz,pady
pady,piloty,joysticki
zestaw klawiatura i mysz,tablety graficzne
monitory,zestaw klawiatura i mysz
dyski zewnetrzne i przenoœne,pendrive,œledzie
kamery internetowe,zestawy i kamery do wideokonferencji,gogle VR
gogle VR,joysticki,pady
g³oœniki,pady,piloty,joysticki
mikrofony i s³uchawki,joysticki,pady,myszki
dyski zewnetrzne i przenoœne,tablety graficzne
monitory,g³oœniki,myszki,klawiatury
pady,piloty,joysticki
g³oœniki,myszki,klawiatury
dyski zewnetrzne i przenoœne,pendrive
kamery internetowe,zestawy i kamery do wideokonferencji,gogle VR
gogle VR,joysticki,pady
g³oœniki,pady,piloty,joysticki
mikrofony i s³uchawki,joysticki,pady,myszki
dyski zewnetrzne i przenoœne,tablety graficzne
monitory,g³oœniki,myszki,klawiatury
joysticki,pady
myszki,klawiatury
zestaw klawiatura i mysz,pady,joysticki
